{"cameraMode":{"drawMode":0,"name":"Shaded","section":"Shading Mode"},"sceneLighting":false,"audioPlay":false,"sceneViewState":{"showFog":true,"showMaterialUpdate":false,"showSkybox":false,"showFlares":true,"showImageEffects":true,"showParticleSystems":true},"in2DMode":false,"pivot":{"x":0.03343188762664795,"y":15.580759048461914,"z":-24.600000381469728},"rotation":{"x":-0.08138277381658554,"y":0.8151136040687561,"z":-0.11819448322057724,"w":-0.5612465143203735},"size":11.844528198242188,"orthographic":false}