{"cameraMode":{"drawMode":0,"name":"Shaded","section":"Shading Mode"},"sceneLighting":false,"audioPlay":false,"sceneViewState":{"showFog":true,"showMaterialUpdate":false,"showSkybox":false,"showFlares":true,"showImageEffects":true,"showParticleSystems":true},"in2DMode":false,"pivot":{"x":-0.018099546432495118,"y":0.057628750801086429,"z":-12.802616119384766},"rotation":{"x":0.10352274775505066,"y":0.4795452654361725,"z":-0.05709359794855118,"w":0.8695166110992432},"size":22.865243911743165,"orthographic":false}