{"cameraMode":{"drawMode":0,"name":"Shaded","section":"Shading Mode"},"sceneLighting":false,"audioPlay":false,"sceneViewState":{"showFog":true,"showMaterialUpdate":false,"showSkybox":false,"showFlares":true,"showImageEffects":true,"showParticleSystems":true},"in2DMode":false,"pivot":{"x":-0.0007104873657226563,"y":0.4596424102783203,"z":-0.42581748962402346},"rotation":{"x":-0.0074796839617192749,"y":0.07343171536922455,"z":0.0005507490714080632,"w":0.997272253036499},"size":7.606603622436523,"orthographic":false}